# kind	destination	sha256	immutable-or-authoritative-url	component
notice	THIRD_PARTY_NOTICES/Markdown-3.10.2-LICENSE.md	7ba4eb6d10b32b2d11dce13821340351cdbbb30ba8ccc67841db2ffd86e79aca	https://raw.githubusercontent.com/Python-Markdown/markdown/e7a0efb3a7c36d6b8005403122705662bc17c904/LICENSE.md	Markdown 3.10.2
notice	THIRD_PARTY_NOTICES/plantuml-markdown-3.11.2-LICENSE	6ec241520393dc7ce72162078333126f093bc562348b46e9b4727252053a42c8	https://raw.githubusercontent.com/mikitex70/plantuml-markdown/ea9d7ff819e4a03688b8c9a069bae49481a05564/LICENSE	plantuml-markdown 3.11.2
notice	THIRD_PARTY_NOTICES/markdown-checklist-0.4.4-LICENSE	b9701db5ed1521ab21a2665a02accbdd54001af8e33b00974df1999cf32e2859	https://raw.githubusercontent.com/FND/markdown-checklist/3cad617da8842e4aefc9bdd3265c18da65a28d05/LICENSE	markdown-checklist 0.4.4
notice	THIRD_PARTY_NOTICES/pymdown-extensions-11.0.1-LICENSE.md	e6645f914fbae5bc557419fcafbeab9e375897e8274c54e2b177953e9354f93e	https://raw.githubusercontent.com/facelessuser/pymdown-extensions/c68498598d7b13011bb4571350b6e3612a4ce44b/LICENSE.md	pymdown-extensions 11.0.1 composite notices
notice	THIRD_PARTY_NOTICES/Pygments-2.20.0-LICENSE	a9d66f1d526df02e29dce73436d34e56e8632f46c275bbdffc70569e882f9f17	https://raw.githubusercontent.com/pygments/pygments/708197d82827ba2d5ca78bcbb653c7102ce86dcd/LICENSE	Pygments 2.20.0
notice	THIRD_PARTY_NOTICES/Pygments-2.20.0-AUTHORS	0db603a5f4499f690c4425477ff664c166da325d3acc3b5a8d4de3db072443d0	https://raw.githubusercontent.com/pygments/pygments/708197d82827ba2d5ca78bcbb653c7102ce86dcd/AUTHORS	Pygments 2.20.0 authors
notice	THIRD_PARTY_NOTICES/PyYAML-6.0.3-LICENSE	8d3928f9dc4490fd635707cb88eb26bd764102a7282954307d3e5167a577e8a4	https://raw.githubusercontent.com/yaml/pyyaml/49790e73684bebad1df05ef8d828fa12f685bffb/LICENSE	PyYAML 6.0.3
notice	THIRD_PARTY_NOTICES/six-1.17.0-LICENSE	d2431e40c338c8fe3190459dc40aa0f033b566e27f38035bf584f2499e5d5471	https://raw.githubusercontent.com/benjaminp/six/4906ef4b746e1028f55727342d7d266eebdf8c04/LICENSE	six 1.17.0
notice	THIRD_PARTY_NOTICES/requests-2.34.2-LICENSE	89478f1915fbb6b6585a685d071bf006ba5649d2615fab787f66e9693c622ae4	https://raw.githubusercontent.com/psf/requests/b83131779c701720a9ae9efae78996277d416269/LICENSE	requests 2.34.2
notice	THIRD_PARTY_NOTICES/requests-2.34.2-NOTICE	3299f3fac35b42fbd3338044d9519ad8fd51ca72466a928a8732c54f8e2c9fd0	https://raw.githubusercontent.com/psf/requests/b83131779c701720a9ae9efae78996277d416269/NOTICE	requests 2.34.2 notice
notice	THIRD_PARTY_NOTICES/urllib3-2.7.0-LICENSE.txt	130e3a64d5fdd5d096a752694634a7d9df284469de86e5732100268041e3d686	https://raw.githubusercontent.com/urllib3/urllib3/9a950b92d999f906b6020bb2d1076ee56cddd5d2/LICENSE.txt	urllib3 2.7.0
notice	THIRD_PARTY_NOTICES/certifi-2026.7.22-LICENSE	e93716da6b9c0d5a4a1df60fe695b370f0695603d21f6f83f053e42cfc10caf7	https://raw.githubusercontent.com/certifi/python-certifi/f4bc676bc101fe2235846e37044e8c693d6cbaf4/LICENSE	certifi 2026.7.22
notice	THIRD_PARTY_NOTICES/charset-normalizer-3.4.9-LICENSE	6d0d41bfe170ac6c7dc248c9a63e254d0fb45a60d50a8257d0af92c6e249b887	https://raw.githubusercontent.com/jawah/charset_normalizer/cc6840753f17f00dea4e339ce37507747217e916/LICENSE	charset-normalizer 3.4.9
notice	THIRD_PARTY_NOTICES/idna-3.18-LICENSE.md	1a9a4f0e3d479a27240ddd59a9137a66ab4a0f9dfdc8ca6188cc0bfd85187f04	https://raw.githubusercontent.com/kjd/idna/f39ea903ba49eb5a0b2c6723c9a929b41ed4a0f1/LICENSE.md	idna 3.18
notice	THIRD_PARTY_NOTICES/github-markdown-css-5.9.0-license	5c932d88256b4ab958f64a856fa48e8bd1f55bc1d96b8149c65689e0c61789d3	https://raw.githubusercontent.com/sindresorhus/github-markdown-css/265b22aa79815418195f453352456d5784bb7580/license	github-markdown-css 5.9.0
notice	THIRD_PARTY_NOTICES/tini-0.19.0-LICENSE	e5f46bca81266bdd511cf08018d66866870531794569c04f9b45f50dd23c28b0	https://raw.githubusercontent.com/krallin/tini/8d569f04191fb15693b19c07a60c54c4043825f1/LICENSE	tini 0.19.0 (Alpine 0.19.0-r3)
notice	THIRD_PARTY_NOTICES/PlantUML-1.2026.6-COPYING	8ceb4b9ee5adedde47b31e975c1d90c73ad27b6b165a1dcd80c7c545eb65b903	https://raw.githubusercontent.com/plantuml/plantuml/6287b33c5d1be2f7b0d480687d0b5a1accbd7971/COPYING	PlantUML 1.2026.6 repository COPYING; review against release-page license statement
notice	THIRD_PARTY_NOTICES/OpenJDK-21.0.11-LICENSE	4b9abebc4338048a7c2dc184e9f800deb349366bdf28eb23c2677a77b4c87726	https://raw.githubusercontent.com/openjdk/jdk21u/d8615be992082324aaeb01bd6db275e30485aeea/LICENSE	OpenJDK 21.0.11+10 (Alpine 21.0.11_p10-r0)
notice	THIRD_PARTY_NOTICES/OpenJDK-21.0.11-ASSEMBLY_EXCEPTION	75292f03bf23d3db7c985aecc191029b93883200721ed23ed34a2e601463df33	https://raw.githubusercontent.com/openjdk/jdk21u/d8615be992082324aaeb01bd6db275e30485aeea/ASSEMBLY_EXCEPTION	OpenJDK 21.0.11+10 assembly exception
notice	THIRD_PARTY_NOTICES/Graphviz-12.2.1-LICENSE	cc07bd2bd6ba843a9a2865ed891d5a3b5835a64bab6fa90945403ee53965d46f	https://gitlab.com/graphviz/graphviz/-/raw/0a1e625ea287ae55e0db59a470f076f8d79d3c4f/LICENSE	Graphviz 12.2.1 (Alpine 12.2.1-r3)
notice	THIRD_PARTY_NOTICES/Noto-2026.06.01-LICENSE	c71d239df91726fc519c6eb72d318ec65820627232b2f796219e87dcf35d0ab4	https://raw.githubusercontent.com/notofonts/notofonts.github.io/cc22e3ec1491171c13ccf17b6297ac666b2c0112/LICENSE	Noto monthly release 2026.06.01 (Alpine 2026.06.01-r0)
notice	THIRD_PARTY_NOTICES/Noto-CJK-Sans2.004-LICENSE	6a73f9541c2de74158c0e7cf6b0a58ef774f5a780bf191f2d7ec9cc53efe2bf2	https://raw.githubusercontent.com/notofonts/noto-cjk/523d033d6cb47f4a80c58a35753646f5c3608a78/LICENSE	Noto CJK Sans2.004 (Alpine 0_git20220127-r1)
notice	THIRD_PARTY_NOTICES/Bash-5.3.9-GPL-3.0.txt	3972dc9744f6499f0f9b2dbf76696f2ae7ad8af9b23dde66d6af86c9dfb36986	https://www.gnu.org/licenses/gpl-3.0.txt	GNU GPL 3 text for Bash 5.3.9 review
source	THIRD_PARTY_SOURCES/plantuml-1.2026.6-sources.jar	169973261473fa1c7f403608a543333caffbc3dfaecbe1febd6d9626d28ffdf2	https://github.com/plantuml/plantuml/releases/download/v1.2026.6/plantuml-1.2026.6-sources.jar	PlantUML 1.2026.6 official corresponding source jar
source	THIRD_PARTY_SOURCES/OpenJDK-21.0.11.tar.gz	3d1c7abc3690c7bd10a9b0fce84f85b4bf6bf765a5083cfdc270d7b341ad67d6	https://github.com/openjdk/jdk21u/archive/d8615be992082324aaeb01bd6db275e30485aeea.tar.gz	OpenJDK 21.0.11 upstream source snapshot
source	THIRD_PARTY_SOURCES/Graphviz-12.2.1.tar.gz	8f588ff102b0a9004364779d50715ee5a68bb6ba5182b0203a00103a80dba224	https://gitlab.com/graphviz/graphviz/-/archive/0a1e625ea287ae55e0db59a470f076f8d79d3c4f/graphviz-0a1e625ea287ae55e0db59a470f076f8d79d3c4f.tar.gz	Graphviz 12.2.1 upstream source snapshot
source	THIRD_PARTY_SOURCES/bash-5.3.tar.gz	0d5cd86965f869a26cf64f4b71be7b96f90a3ba8b3d74e27e8e9d9d5550f31ba	https://distfiles.alpinelinux.org/distfiles/v3.24/bash-5.3-1.tar.gz	Bash 5.3 base source used by Alpine 5.3.9-r1
source	THIRD_PARTY_SOURCES/bash53-001	1f608434364af86b9b45c8b0ea3fb3b165fb830d27697e6cdfc7ac17dee3287f	https://ftp.gnu.org/gnu/bash/bash-5.3-patches/bash53-001	Bash 5.3 upstream patch 1
source	THIRD_PARTY_SOURCES/bash53-002	e385548a00130765ec7938a56fbdca52447ab41fabc95a25f19ade527e282001	https://ftp.gnu.org/gnu/bash/bash-5.3-patches/bash53-002	Bash 5.3 upstream patch 2
source	THIRD_PARTY_SOURCES/bash53-003	f245d9c7dc3f5a20d84b53d249334747940936f09dc97e1dcb89fc3ab37d60ed	https://ftp.gnu.org/gnu/bash/bash-5.3-patches/bash53-003	Bash 5.3 upstream patch 3
source	THIRD_PARTY_SOURCES/bash53-004	9591d245045529f32f0812f94180b9d9ce9023f5a765c039b852e5dfc99747d0	https://ftp.gnu.org/gnu/bash/bash-5.3-patches/bash53-004	Bash 5.3 upstream patch 4
source	THIRD_PARTY_SOURCES/bash53-005	cca1ef52dbbf433bc98e33269b64b2c814028efe2538be1e2c9a377da90bc99d	https://ftp.gnu.org/gnu/bash/bash-5.3-patches/bash53-005	Bash 5.3 upstream patch 5
source	THIRD_PARTY_SOURCES/bash53-006	29119addefed8eff91ae37fd51822c31780ee30d4a28376e96002706c995ff10	https://ftp.gnu.org/gnu/bash/bash-5.3-patches/bash53-006	Bash 5.3 upstream patch 6
source	THIRD_PARTY_SOURCES/bash53-007	c0976bbfffa1453c7cfdd62058f206a318568ff2d690f5d4fa048793fa3eb299	https://ftp.gnu.org/gnu/bash/bash-5.3-patches/bash53-007	Bash 5.3 upstream patch 7
source	THIRD_PARTY_SOURCES/bash53-008	097cd723cbfb8907674ac32214063a3fd85282657ec5b4e544d2c0f719653fb4	https://ftp.gnu.org/gnu/bash/bash-5.3-patches/bash53-008	Bash 5.3 upstream patch 8
source	THIRD_PARTY_SOURCES/bash53-009	eee30fe78a4b0cb2fe20e010e00308899cfc613e0774ebb3c8557a1552f24f8c	https://ftp.gnu.org/gnu/bash/bash-5.3-patches/bash53-009	Bash 5.3 upstream patch 9
source	THIRD_PARTY_SOURCES/alpine-aports-1522c319.tar.gz	2650f18e000b4ca9b997b6867c8ff98d89712873143cc5255983d0eb6ad426a3	https://gitlab.alpinelinux.org/alpine/aports/-/archive/1522c3193610902d8493f9790a2755c11f21f26d/aports-1522c3193610902d8493f9790a2755c11f21f26d.tar.gz	Alpine packaging metadata and patches at the Bash 5.3.9-r1 commit
source	THIRD_PARTY_SOURCES/html-xml-utils-8.7.tar.gz	888a31631a7a70308bb2f333e077d0416f4bb78317f8697ffb4a95187f677301	https://www.w3.org/Tools/HTML-XML-utils/html-xml-utils-8.7.tar.gz	html-xml-utils 8.7 source containing COPYING and AUTHORS
